Sample	Step	Read1_paired	Read2_paired	Read1_unpaired	Read2_unpaired	TOTAL
01	Before decontamination	66068513	66068513	3623046	631825	136391897
01	No wheat	60774960	60774960	3463061	566119	125579100
01	No human	60770178	60770178	3462624	565824	125568804
01	No PhiX (fully decontaminated)	60770178	60770178	3462624	565824	125568804

------------------------------------------------------------------------------

02	Before decontamination	36039205	36039205	917446	540185	73536041
02	No wheat	35129144	35129144	899020	521440	71678748
02	No human	35127097	35127097	898836	521287	71674317
02	No PhiX (fully decontaminated)	35127097	35127097	898836	521287	71674317

------------------------------------------------------------------------------

03	Before decontamination	27268061	27268061	512467	465607	55514196
03	No wheat	25631234	25631234	489688	431674	52183830
03	No human	25629701	25629701	489564	431529	52180495
03	No PhiX (fully decontaminated)	25629701	25629701	489563	431529	52180494

------------------------------------------------------------------------------

04	Before decontamination	34388159	34388159	712610	468831	69957759
04	No wheat	32680331	32680331	684041	438883	66483586
04	No human	32678001	32678001	683853	438755	66478610
04	No PhiX (fully decontaminated)	32678001	32678001	683853	438755	66478610

------------------------------------------------------------------------------

05	Before decontamination	25703521	25703521	518593	349517	52275152
05	No wheat	22941725	22941725	475996	302208	46661654
05	No human	22939307	22939307	475838	302075	46656527
05	No PhiX (fully decontaminated)	22939307	22939307	475838	302075	46656527

------------------------------------------------------------------------------

06	Before decontamination	25367555	25367555	540414	323309	51598833
06	No wheat	24111157	24111157	521150	303104	49046568
06	No human	24109351	24109351	521052	303013	49042767
06	No PhiX (fully decontaminated)	24109351	24109351	521052	303013	49042767

------------------------------------------------------------------------------

07	Before decontamination	15728107	15728107	331875	214438	32002527
07	No wheat	14607065	14607065	313467	195192	29722789
07	No human	14605678	14605678	313373	195104	29719833
07	No PhiX (fully decontaminated)	14605678	14605678	313373	195104	29719833

------------------------------------------------------------------------------

08	Before decontamination	12905104	12905104	208517	238701	26257426
08	No wheat	11948005	11948005	195398	217641	24309049
08	No human	11946281	11946281	195298	217523	24305383
08	No PhiX (fully decontaminated)	11946281	11946281	195298	217523	24305383

------------------------------------------------------------------------------

09	Before decontamination	38523204	38523204	910774	473124	78430306
09	No wheat	37878951	37878951	899971	463079	77120952
09	No human	37874994	37874994	899778	462900	77112666
09	No PhiX (fully decontaminated)	37874994	37874994	899778	462900	77112666

------------------------------------------------------------------------------

10	Before decontamination	111518389	111518389	6133409	1665958	230836145
10	No wheat	110721470	110721470	6105134	1648661	229196735
10	No human	110716924	110716924	6104545	1648166	229186559
10	No PhiX (fully decontaminated)	110716924	110716924	6104545	1648166	229186559

------------------------------------------------------------------------------

11	Before decontamination	41285436	41285436	854173	572558	83997603
11	No wheat	40905107	40905107	847422	565422	83223058
11	No human	40901558	40901558	847160	565185	83215461
11	No PhiX (fully decontaminated)	40901558	40901558	847160	565185	83215461

------------------------------------------------------------------------------

12	Before decontamination	31093789	31093789	511582	313585	63012745
12	No wheat	29245585	29245585	488158	293109	59272437
12	No human	29236429	29236429	487928	292935	59253721
12	No PhiX (fully decontaminated)	29236429	29236429	487928	292935	59253721

------------------------------------------------------------------------------

13	Before decontamination	41579171	41579171	878451	519727	84556520
13	No wheat	41205466	41205466	873257	514220	83798409
13	No human	41202979	41202979	873147	514110	83793215
13	No PhiX (fully decontaminated)	41202979	41202979	873147	514110	83793215

------------------------------------------------------------------------------

14	Before decontamination	70836243	70836243	1122281	907423	143702190
14	No wheat	67945280	67945280	1084012	864454	137839026
14	No human	67935180	67935180	1083622	864121	137818103
14	No PhiX (fully decontaminated)	67935180	67935180	1083622	864121	137818103

------------------------------------------------------------------------------

15	Before decontamination	34768769	34768769	614896	329032	70481466
15	No wheat	32473706	32473706	579560	304868	65831840
15	No human	32458132	32458132	579197	304583	65800044
15	No PhiX (fully decontaminated)	32458132	32458132	579197	304583	65800044

------------------------------------------------------------------------------

16	Before decontamination	43907189	43907189	834028	510154	89158560
16	No wheat	42604365	42604365	812940	491118	86512788
16	No human	42598680	42598680	812657	490911	86500928
16	No PhiX (fully decontaminated)	42598680	42598680	812657	490911	86500928

------------------------------------------------------------------------------

17	Before decontamination	53063524	53063524	3571596	512676	110211320
17	No wheat	50991622	50991622	3510665	485727	105979636
17	No human	50987176	50987176	3510489	485598	105970439
17	No PhiX (fully decontaminated)	50987176	50987176	3510489	485598	105970439

------------------------------------------------------------------------------

18	Before decontamination	61600825	61600825	4488995	652103	128342748
18	No wheat	59876097	59876097	4434186	630538	124816918
18	No human	59868971	59868971	4433867	630333	124802142
18	No PhiX (fully decontaminated)	59868971	59868971	4433867	630333	124802142

------------------------------------------------------------------------------

19	Before decontamination	47626295	47626295	3365966	440134	99058690
19	No wheat	45619616	45619616	3301901	416705	94957838
19	No human	45612800	45612800	3301488	416521	94943609
19	No PhiX (fully decontaminated)	45612800	45612800	3301488	416521	94943609

------------------------------------------------------------------------------

20	Before decontamination	89901939	89901939	5753051	1010752	186567681
20	No wheat	83584437	83584437	5545475	917141	173631490
20	No human	83576748	83576748	5544923	916758	173615177
20	No PhiX (fully decontaminated)	83576748	83576748	5544923	916758	173615177

------------------------------------------------------------------------------

21	Before decontamination	35815192	35815192	570903	356312	72557599
21	No wheat	34099280	34099280	549605	337392	69085557
21	No human	34088225	34088225	549379	337191	69063020
21	No PhiX (fully decontaminated)	34088225	34088225	549379	337191	69063020

------------------------------------------------------------------------------

22	Before decontamination	63630216	63630216	3909647	703078	131873157
22	No wheat	62164082	62164082	3862116	681258	128871538
22	No human	62160904	62160904	3861882	681100	128864790
22	No PhiX (fully decontaminated)	62160904	62160904	3861882	681100	128864790

------------------------------------------------------------------------------

23	Before decontamination	42807678	42807678	683113	414176	86712645
23	No wheat	40693395	40693395	655370	390119	82432279
23	No human	40640133	40640133	654345	389178	82323789
23	No PhiX (fully decontaminated)	40640133	40640133	654344	389178	82323788

------------------------------------------------------------------------------

24	Before decontamination	75756943	75756943	4109218	777211	156400315
24	No wheat	72425756	72425756	4024076	732939	149608527
24	No human	72414196	72414196	4023562	732555	149584509
24	No PhiX (fully decontaminated)	72414196	72414196	4023562	732555	149584509

------------------------------------------------------------------------------

