name	taxID	taxRank	genomeSize	numReads	numUniqueReads	abundance
Buchnera aphidicola	9	species	619958	3	3	0.0
Dictyoglomus thermophilum	14	species	1959987	2	1	0.0
Pelobacter carbinolicus	19	species	3665893	2	2	0.0
Shewanella putrefaciens	24	species	4749735	1	0	0.0
Myxococcus xanthus	34	species	9139763	1	1	0.0
Cystobacteraceae	39	family	0	1	0	0.0
Sorangium cellulosum	56	species	13907952	1	1	0.0
Cyclobacterium marinum	104	species	6221273	1	1	0.0
Borreliella burgdorferi	139	species	1329613	1	1	0.0
Borrelia parkeri	141	species	1030684	2	0	0.0
Borrelia turicatae	142	species	917330	3	0	0.0
Brachyspira hyodysenteriae	159	species	3055339	4	4	0.0
Leptospira biflexa	172	species	3953768	4	3	0.0
Leptospira interrogans	173	species	5395453	6	5	0.0
Leptospira borgpetersenii	174	species	3948532	2	1	0.0
Campylobacter coli	195	species	5104439	4	2	0.0
Campylobacter fetus	196	species	1876301	2	1	0.0
Campylobacter jejuni	197	species	6156435	5	4	0.0
Campylobacter hyointestinalis	198	species	1753331	2	1	0.0
Campylobacter concisus	199	species	1969727	2	2	0.0
Campylobacter lari	201	species	1576113	5	3	0.0
Helicobacter pylori	210	species	2044699	4	3	0.0
Helicobacter cinaedi	213	species	2170766	1	1	0.0
Pseudoalteromonas haloplanktis	228	species	3850272	2	0	0.0
Francisella tularensis	263	species	2777166	2	2	0.0
Comamonas testosteroni	285	species	5695231	1	0	0.0
Pseudomonas	286	genus	0	1	1	0.0
Pseudoalteromonas atlantica	288	species	5187005	2	1	0.0
Pseudomonas fluorescens	294	species	14826544	3	0	0.0
Pseudomonas stutzeri	316	species	7755802	7	7	0.0
Pseudomonas syringae	317	species	6129101	1	1	0.0
Ralstonia pickettii	329	species	6378979	2	2	0.0
Xanthomonas campestris	339	species	7063896	1	1	0.0
Xanthomonas oryzae	347	species	17545599	1	0	0.0
Azotobacter chroococcum	353	species	5192286	1	0	0.0
Agrobacterium tumefaciens	358	species	9211775	1	1	0.0
Sinorhizobium meliloti	382	species	6962835	1	0	0.0
Rhizobium leguminosarum	384	species	7369497	4	4	0.0
Rhizobium phaseoli	396	species	87841097	3	0	0.0
Gluconobacter oxydans	442	species	3306867	2	2	0.0
Legionella pneumophila	446	species	15688009	5	5	0.0
Legionella hackeliae	449	species	3570857	4	2	0.0
Tatlockia micdadei	451	species	3310028	1	0	0.0
Acinetobacter baumannii	470	species	11595472	4	3	0.0
Neisseria lactamica	486	species	2220606	1	0	0.0
Neisseria meningitidis	487	species	8508873	1	0	0.0
Zymomonas mobilis	542	species	2426073	1	0	0.0
[Enterobacter] aerogenes	548	species	10750562	1	1	0.0
Pantoea agglomerans	549	species	9924054	1	1	0.0
Enterobacter cloacae	550	species	10083180	3	1	0.0
Escherichia coli	562	species	12319210	6	4	0.0
Klebsiella oxytoca	571	species	16779606	1	1	0.0
Klebsiella pneumoniae	573	species	15713353	2	2	0.0
Morganella morganii	582	species	3853791	1	1	0.0
Proteus mirabilis	584	species	5337360	1	0	0.0
Proteus vulgaris	585	species	3794983	1	0	0.0
Serratia liquefaciens	614	species	7946985	2	2	0.0
Shigella sonnei	624	species	6798914	1	0	0.0
Xenorhabdus nematophila	628	species	4586662	1	1	0.0
Yersinia enterocolitica	630	species	14308813	2	2	0.0
Yersinia intermedia	631	species	4859749	1	1	0.0
Yersinia pestis	632	species	7124135	1	0	0.0
Yersinia pseudotuberculosis	633	species	9565781	1	0	0.0
Vibrio cholerae	666	species	6170861	1	0	0.0
Vibrio harveyi	669	species	11920371	3	1	0.0
Vibrio parahaemolyticus	670	species	10344823	5	3	0.0
Vibrio vulnificus	672	species	10215744	2	1	0.0
Vibrio campbellii	680	species	12090206	1	0	0.0
Vibrio natriegens	691	species	10692018	2	0	0.0
Aggregatibacter actinomycetemcomitans	714	species	4378647	1	1	0.0
Actinobacillus pleuropneumoniae	715	species	2299903	1	0	0.0
Actinobacillus suis	716	species	2501598	1	0	0.0
Actinobacillus equuli	718	species	2431533	1	0	0.0
Haemophilus influenzae	727	species	2672708	2	1	0.0
Haemophilus parainfluenzae	729	species	2086875	2	2	0.0
Histophilus somni	731	species	2138367	3	1	0.0
Aggregatibacter aphrophilus	732	species	3520359	1	1	0.0
[Haemophilus] parasuis	738	species	4546750	3	3	0.0
Bartonella bacilliformis	774	species	1444212	1	0	0.0
Rickettsia	780	genus	0	2	2	0.0
Rickettsia prowazekii	782	species	1111249	1	1	0.0
Orientia tsutsugamushi	784	species	2068019	1	1	0.0
Rickettsia typhi	785	species	1112275	1	0	0.0
Rickettsia australis	787	species	1323280	1	1	0.0
Rickettsia canadensis	788	species	1155000	1	1	0.0
Bacteroides fragilis	817	species	7824806	3	3	0.0
Bacteroides thetaiotaomicron	818	species	6390542	2	2	0.0
Bacteroides vulgatus	821	species	5163189	1	0	0.0
Campylobacter gracilis	824	species	2281652	1	1	0.0
Sebaldella termitidis	826	species	4486650	3	2	0.0
Campylobacter ureolyticus	827	species	1641887	2	2	0.0
Porphyromonas gingivalis	837	species	2343668	1	1	0.0
Prevotella ruminicola	839	species	3619559	2	2	0.0
Wolinella succinogenes	844	species	2110355	1	1	0.0
Fusobacterium nucleatum	851	species	2948417	16	12	0.0
Desulfovibrio africanus	873	species	4200534	2	1	0.0
Nitrobacter hamburgensis	912	species	5011522	2	2	0.0
Hydrogenobacter thermophilus	940	species	3486067	1	1	0.0
Ehrlichia canis	944	species	1315030	2	2	0.0
Ehrlichia chaffeensis	945	species	1174554	1	0	0.0
Francisella persica	954	species	3057444	1	0	0.0
Cellulophaga lytica	979	species	3795066	2	2	0.0
Cytophaga hutchinsonii	985	species	4433218	2	2	0.0
Flavobacterium johnsoniae	986	species	5603295	5	3	0.0
Solitalea canadensis	995	species	5202069	3	2	0.0
Flavobacterium columnare	996	species	6492116	3	3	0.0
Flexibacter litoralis	999	species	4919337	4	4	0.0
Marivirga tractuosa	1006	species	4516490	1	1	0.0
Weeksella virosa	1014	species	2272954	1	0	0.0
Rhodopseudomonas palustris	1076	species	5408501	2	2	0.0
Rhodospirillum rubrum	1085	species	4379691	1	0	0.0
Chlorobium phaeobacteroides	1096	species	2935152	2	2	0.0
Prosthecochloris aestuarii	1102	species	2579695	1	1	0.0
Porphyrobacter neustonensis	1112	species	3090363	1	0	0.0
Synechocystis sp. PCC 6803	1148	species	6436711	1	0	0.0
Trichormus azollae	1164	species	5486145	4	4	0.0
Anabaena cylindrica	1165	species	7063285	3	3	0.0
Trichodesmium erythraeum	1206	species	7750108	5	4	0.0
Prochlorococcus marinus	1219	species	1879471	8	8	0.0
Piscirickettsia salmonis	1238	species	10317144	2	2	0.0
Leuconostoc gelidum	1244	species	1966103	1	1	0.0
Leuconostoc lactis	1246	species	1788069	2	2	0.0
Oenococcus oeni	1247	species	1780517	1	1	0.0
Pediococcus pentosaceus	1255	species	1817384	1	1	0.0
Finegoldia magna	1260	species	1986740	1	1	0.0
Staphylococcus aureus	1280	species	7252422	4	2	0.0
Staphylococcus carnosus	1281	species	2605765	6	2	0.0
Staphylococcus epidermidis	1282	species	3296362	2	1	0.0
Staphylococcus haemolyticus	1283	species	2629003	2	2	0.0
Staphylococcus hyicus	1284	species	2472129	2	2	0.0
Staphylococcus simulans	1286	species	2647552	2	2	0.0
Staphylococcus xylosus	1288	species	8411206	1	1	0.0
Staphylococcus warneri	1292	species	2560716	2	0	0.0
Staphylococcus schleiferi	1295	species	12494798	3	1	0.0
Streptococcus gordonii	1302	species	3335036	1	0	0.0
Streptococcus salivarius	1304	species	3636237	2	1	0.0
Streptococcus suis	1307	species	2683756	1	1	0.0
Streptococcus thermophilus	1308	species	3463400	1	0	0.0
Streptococcus mutans	1309	species	2017559	1	1	0.0
Streptococcus agalactiae	1311	species	5721038	4	2	0.0
Streptococcus pneumoniae	1313	species	2272871	3	1	0.0
Streptococcus pyogenes	1314	species	4096430	2	2	0.0
Streptococcus parasanguinis	1318	species	2162630	1	1	0.0
Streptococcus anginosus	1328	species	2557124	3	1	0.0
Streptococcus equi	1336	species	2140495	3	0	0.0
Streptococcus intermedius	1338	species	1963517	2	0	0.0
Streptococcus uberis	1349	species	1852352	1	1	0.0
Enterococcus faecalis	1351	species	3401628	3	3	0.0
Enterococcus faecium	1352	species	5898717	2	1	0.0
Lactococcus lactis	1358	species	2704731	2	2	0.0
Lactococcus piscium	1364	species	2503066	1	1	0.0
Planococcus kocurii	1374	species	3485580	1	1	0.0
Bacillus	1386	genus	0	3	0	0.0
Bacillus amyloliquefaciens	1390	species	5608910	3	1	0.0
Bacillus anthracis	1392	species	17446789	1	0	0.0
Brevibacillus brevis	1393	species	6296436	2	1	0.0
Bacillus cereus	1396	species	9676532	18	7	0.0
Bacillus licheniformis	1402	species	8559910	1	1	0.0
Bacillus megaterium	1404	species	5334474	6	3	0.0
Bacillus mycoides	1405	species	11312355	5	2	0.0
Paenibacillus polymyxa	1406	species	6883167	6	4	0.0
Bacillus pumilus	1408	species	20721195	5	3	0.0
Bacillus cellulosilyticus	1413	species	4681672	4	4	0.0
Lysinibacillus sphaericus	1421	species	14371778	1	1	0.0
Bacillus subtilis	1423	species	7550081	7	5	0.0
Parageobacillus thermoglucosidans	1426	species	5935916	1	1	0.0
Bacillus thuringiensis	1428	species	10269592	21	7	0.0
Amphibacillus xylanus	1449	species	2569486	1	0	0.0
Brevibacillus laterosporus	1465	species	5153859	1	0	0.0
Bacillus methanolicus	1471	species	3425208	1	1	0.0
Sporosarcina psychrophila	1476	species	4674191	3	2	0.0
Bacillus simplex	1478	species	5521719	2	1	0.0
Bacillus smithii	1479	species	3381292	3	2	0.0
Clostridium acetobutylicum	1488	species	4136895	8	7	0.0
Clostridium botulinum	1491	species	4637504	17	12	0.0
Clostridium butyricum	1492	species	13843423	5	2	0.0
Clostridium cellulovorans	1493	species	5262222	4	3	0.0
Clostridioides difficile	1496	species	6297836	11	9	0.0
Clostridium formicaceticum	1497	species	4586755	2	1	0.0
Clostridium pasteurianum	1501	species	7159922	12	8	0.0
Clostridium perfringens	1502	species	6907798	3	3	0.0
Clostridium sporogenes	1509	species	8284974	2	0	0.0
Acetoanaerobium sticklandii	1511	species	2715461	3	3	0.0
Clostridium tetani	1513	species	2869591	1	1	0.0
Thermoanaerobacterium thermosaccharolyticum	1517	species	2840014	1	0	0.0
Clostridium tyrobutyricum	1519	species	3134437	1	1	0.0
Clostridium beijerinckii	1520	species	6161692	7	4	0.0
[Clostridium] cellulolyticum	1521	species	4068724	2	2	0.0
Moorella thermoacetica	1525	species	5377887	1	1	0.0
Clostridium kluyveri	1534	species	3989551	2	1	0.0
Clostridium ljungdahlii	1538	species	4630065	7	0	0.0
Clostridium novyi	1542	species	2547720	2	2	0.0
Clostridium scatologenes	1548	species	5749410	6	6	0.0
Gottschalkia acidurici	1556	species	3108248	2	2	0.0
Clostridium baratii	1561	species	3338630	10	8	0.0
Desulfosporosinus orientis	1563	species	5863081	3	3	0.0
Desulfotomaculum ruminis	1564	species	3969014	2	2	0.0
Halobacillus halophilus	1570	species	4170008	2	2	0.0
Lactobacillus casei	1582	species	3039836	1	0	0.0
Lactobacillus delbrueckii	1584	species	1920382	1	1	0.0
Lactobacillus plantarum	1590	species	8684028	2	1	0.0
Lactobacillus gasseri	1596	species	1894360	1	1	0.0
Lactobacillus paracasei	1597	species	4200086	1	0	0.0
Lactobacillus reuteri	1598	species	2811237	2	2	0.0
Lactobacillus acetotolerans	1600	species	1704859	1	0	0.0
Lactobacillus salivarius	1624	species	2663133	4	4	0.0
Lactobacillus sanfranciscensis	1625	species	1375770	2	1	0.0
Listeria monocytogenes	1639	species	5926303	7	6	0.0
Listeria welshimeri	1643	species	2814130	2	0	0.0
Erysipelothrix rhusiopathiae	1648	species	2398466	2	1	0.0
Trueperella pyogenes	1661	species	3453353	2	2	0.0
Corynebacterium stationis	1705	species	2853666	1	1	0.0
Corynebacterium glutamicum	1718	species	6155998	1	0	0.0
Peptoclostridium acidaminophilum	1731	species	3055036	2	2	0.0
Eubacterium limosum	1736	species	4233519	2	0	0.0
Thermodesulfobacterium commune	1741	species	1764045	3	3	0.0
Mycobacterium phlei	1771	species	5349645	1	0	0.0
Mycobacterium marinum	1781	species	6555333	1	1	0.0
Mycobacterium gilvum	1804	species	5883060	1	1	0.0
Saccharomonospora viridis	1852	species	4308349	1	1	0.0
Streptomyces coelicolor	1902	species	9054847	1	0	0.0
Streptomyces lividans	1916	species	8345283	1	0	0.0
Thermomonospora curvata	2020	species	5639016	1	1	0.0
Thermobifida fusca	2021	species	3642249	1	1	0.0
Mycoplasma capricolum	2095	species	1692864	2	0	0.0
Mycoplasma gallisepticum	2096	species	968554	1	0	0.0
Mycoplasma hominis	2098	species	925558	1	1	0.0
Mycoplasma hyopneumoniae	2099	species	909234	1	1	0.0
Mycoplasma mycoides	2102	species	2100167	2	2	0.0
Mycoplasma leachii	2105	species	1008951	2	0	0.0
Mycoplasma pulmonis	2107	species	963879	1	1	0.0
Mycoplasma synoviae	2109	species	822985	2	2	0.0
Mycoplasma agalactiae	2110	species	942070	2	1	0.0
Mycoplasma flocculare	2128	species	778866	1	1	0.0
Ureaplasma urealyticum	2130	species	874478	1	0	0.0
Spiroplasma taiwanense	2145	species	1086278	1	0	0.0
Acholeplasma laidlawii	2148	species	1496992	2	2	0.0
Methanobrevibacter smithii	2173	species	1853160	7	6	0.0
Methanohalophilus mahii	2176	species	2012424	1	1	0.0
Methanothermus fervidus	2180	species	1243342	7	7	0.0
Methanococcus vannielii	2187	species	1720048	4	2	0.0
Methanococcus voltae	2188	species	1936387	3	3	0.0
Methanotorris igneus	2189	species	1854197	1	1	0.0
Methanocaldococcus jannaschii	2190	species	1739927	5	3	0.0
Methanospirillum hungatei	2203	species	3544738	1	1	0.0
Methanosarcina barkeri	2208	species	4650840	10	8	0.0
Methanosarcina mazei	2209	species	4120463	5	1	0.0
Methanosarcina thermophila	2210	species	3127379	2	2	0.0
Methanosarcina acetivorans	2214	species	5751492	1	0	0.0
Methanosarcina vacuolata	2215	species	4563885	2	0	0.0
Methanosaeta concilii	2223	species	3026645	3	3	0.0
Methanococcoides methylutens	2226	species	2394636	1	1	0.0
Archaeoglobus fulgidus	2234	species	2247343	2	2	0.0
Pyrococcus furiosus	2261	species	1909041	4	4	0.0
Thermococcus litoralis	2265	species	2215172	2	2	0.0
Pyrobaculum islandicum	2277	species	1826402	1	1	0.0
Sulfolobus acidocaldarius	2285	species	2172056	5	5	0.0
Sulfolobus solfataricus	2287	species	5625717	7	6	0.0
Desulfobacterium autotrophicum	2296	species	5657782	3	3	0.0
Thermoplasma acidophilum	2303	species	1564906	2	1	0.0
Methanosphaera stadtmanae	2317	species	1767403	4	3	0.0
Methanohalobium evestigatum	2322	species	2406232	1	1	0.0
Thermoanaerobacter kivui	2325	species	2397824	1	0	0.0
Halanaerobium praevalens	2331	species	2309262	2	2	0.0
Thermotoga	2335	genus	0	1	0	0.0
Thermotoga maritima	2336	species	5599391	1	0	0.0
Thermotoga neapolitana	2337	species	1884562	1	1	0.0
Haliscomenobacter hydrossis	2350	species	8771651	1	1	0.0
Flexistipes sinusarabici	2352	species	2526590	1	0	0.0
Thermosipho africanus	2421	species	2016657	1	1	0.0
Fervidobacterium nodosum	2424	species	1948941	1	1	0.0
Teredinibacter turnerae	2426	species	5193164	1	0	0.0
Roseobacter denitrificans	2434	species	4331234	1	1	0.0
Gardnerella vaginalis	2702	species	1669705	3	3	0.0
Homo sapiens	9606	species	3238442024	864	579	0.0
Fowlpox virus	10261	species	288539	1	1	0.0
Lysinibacillus fusiformis	28031	species	4843789	3	2	0.0
Streptococcus mitis	28037	species	3110438	1	0	0.0
Nostoc sp. PCC 7524	28072	species	6718869	2	2	0.0
Alteromonas macleodii	28108	species	5557691	2	2	0.0
Francisella philomiragia	28110	species	4757195	2	1	0.0
Tannerella forsythia	28112	species	3383154	3	3	0.0
Bacteroides ovatus	28116	species	6473892	2	1	0.0
Odoribacter splanchnicus	28118	species	4392288	1	1	0.0
Acetohalobium arabaticum	28187	species	2469596	1	1	0.0
Capnocytophaga canimorsus	28188	species	2571406	2	2	0.0
Arcobacter butzleri	28197	species	2283719	8	5	0.0
Arcobacter nitrofigilis	28199	species	3192235	7	5	0.0
Colwellia psychrerythraea	28229	species	5373180	2	2	0.0
Geobacter metallireducens	28232	species	4011182	1	1	0.0
Thermodesulfovibrio yellowstonii	28262	species	2003803	3	2	0.0
Cydia pomonella granulovirus	28289	species	123500	1	1	0.0
Burkholderia pseudomallei	28450	species	11222453	1	0	0.0
Salmonella enterica	28901	species	6689149	5	5	0.0
Mycoplasma bovis	28903	species	1562794	1	1	0.0
Methanococcoides burtonii	29291	species	2575032	2	2	0.0
Pyrococcus abyssi	29292	species	1768562	2	1	0.0
Mycobacterium haemophilum	29311	species	4235765	1	0	0.0
Thermoanaerobacter brockii	29323	species	2344824	1	0	0.0
Thermoanaerobacterium xylanolyticum	29329	species	2534358	4	3	0.0
Cellulosilyticum lentocellum	29360	species	4714237	2	1	0.0
Staphylococcus saprophyticus	29385	species	3903594	2	1	0.0
Staphylococcus capitis	29388	species	2503265	2	2	0.0
Synechococcus sp. WH 8103	29410	species	2429688	1	1	0.0
Rhizobium etli	29449	species	6784960	2	0	0.0
Veillonella parvula	29466	species	2132142	1	0	0.0
Yersinia rohdei	29485	species	4372253	2	2	0.0
Yersinia ruckeri	29486	species	7304941	2	1	0.0
Lawsonia intracellularis	29546	species	1719103	2	2	0.0
Mycoplasma canadense	29554	species	693241	3	3	0.0
Mycoplasma canis	29555	species	933117	1	0	0.0
Caldicellulosiruptor bescii	31899	species	2931662	3	1	0.0
Halothermothrix orenii	31909	species	2578146	1	1	0.0
Rhodobacteraceae	31989	family	0	1	0	0.0
Burkholderia	32008	genus	0	1	0	0.0
Helicobacter hepaticus	32025	species	1799146	1	1	0.0
Synechococcus elongatus	32046	species	2719262	1	0	0.0
Synechococcus sp. PCC 7002	32049	species	3409935	1	0	0.0
Calothrix parietina	32054	species	6960392	2	1	0.0
synthetic construct	32630	species	26537524	1	0	0.0
Desulfurella acetivorans	33002	species	1819992	4	3	0.0
Parvimonas micra	33033	species	1627009	3	2	0.0
Anaerococcus prevotii	33034	species	1998633	1	1	0.0
Bartonella grahamii	33045	species	2369520	1	1	0.0
Bartonella vinsonii	33047	species	1802699	1	1	0.0
Candidatus Kinetoplastibacterium crithidii	33056	species	821871	3	2	0.0
Acidobacterium capsulatum	33075	species	4127356	1	1	0.0
Streptomyces avermitilis	33903	species	9119895	1	1	0.0
Amycolatopsis mediterranei	33910	species	13655759	1	1	0.0
Anoxybacillus flavithermus	33934	species	2846746	3	2	0.0
Geobacillus thermodenitrificans	33940	species	3608012	1	0	0.0
Acetobacterium woodii	33952	species	4044777	3	3	0.0
Lactobacillus johnsonii	33959	species	1958140	4	4	0.0
Melissococcus plutonius	33970	species	2059558	2	2	0.0
Rickettsia bellii	33990	species	1525528	2	2	0.0
Rickettsia rhipicephali	33992	species	1377049	2	1	0.0
Candidatus Liberibacter africanus	34020	species	1192232	1	1	0.0
Candidatus Liberibacter asiaticus	34021	species	1229983	1	1	0.0
Moraxella osloensis	34062	species	2649137	1	1	0.0
Variovorax paradoxus	34073	species	6817856	1	0	0.0
Riemerella anatipestifer	34085	species	2813253	6	5	0.0
Streptobacillus moniliformis	34105	species	1673280	4	3	0.0
Mycobacterium indicus pranii	35617	species	5589007	1	0	0.0
Acholeplasma oculi	35623	species	1587120	1	0	0.0
Citrobacter amalonaticus	35703	species	7931914	1	0	0.0
Rickettsia massiliae	35791	species	1376184	1	0	0.0
Ehrlichia muris	35795	species	1196717	3	2	0.0
Bordetella holmesii	35814	species	3697767	1	1	0.0
Clostridium saccharoperbutylacetonicum	36745	species	6666445	6	5	0.0
Mycobacterium abscessus	36809	species	18231971	2	1	0.0
Desulfitobacterium dehalogenans	36854	species	4321753	1	1	0.0
Methanosarcina siciliae	38027	species	5222724	2	0	0.0
Pseudothermotoga elfii	38322	species	2169860	2	0	0.0
Acholeplasma palmae	38986	species	1554229	4	2	0.0
Methanococcus maripaludis	39152	species	1742753	11	8	0.0
[Eubacterium] rectale	39491	species	3449685	1	1	0.0
Methanosalsum zhilinae	39669	species	2138444	3	3	0.0
Thiomicrospira crunogena	39765	species	2427734	2	2	0.0
Sulfurimonas denitrificans	39766	species	2201561	4	2	0.0
Dialister pneumosintes	39950	species	1274073	1	0	0.0
Acinetobacter johnsonii	40214	species	4081329	2	2	0.0
Aliivibrio salmonicida	40269	species	4655660	1	1	0.0
Stenotrophomonas maltophilia	40324	species	6512435	2	0	0.0
Leptotrichia buccalis	40542	species	2465610	3	3	0.0
Xenorhabdus bovienii	40576	species	4523083	3	2	0.0
Xenorhabdus poinarii	40577	species	3659523	2	2	0.0
Thioploca ingrica	40754	species	4810005	3	3	0.0
Cyanothece sp. PCC 8801	41431	species	4787694	3	1	0.0
Rubrobacter radiotolerans	42256	species	3267233	1	1	0.0
Halobacteroides halobius	42422	species	2649255	3	2	0.0
Roseobacter litoralis	42443	species	4745450	1	1	0.0
Methanococcus aeolicus	42879	species	1569500	5	4	0.0
Sulfolobus islandicus	43080	species	2647110	8	7	0.0
Butyrivibrio proteoclasticus	43305	species	4404886	3	1	0.0
Kutzneria albida	43357	species	9874926	1	1	0.0
Pseudoalteromonas rubra	43658	species	5913780	1	1	0.0
Rothia mucilaginosa	43675	species	2278659	1	0	0.0
Cyanothece sp. ATCC 51142	43989	species	5460377	2	2	0.0
Caldicellulosiruptor saccharolyticus	44001	species	2970275	3	1	0.0
Ferrimonas balearica	44012	species	4279159	1	1	0.0
Paenibacillus durus	44251	species	5814491	1	0	0.0
Bradyrhizobium oligotrophicum	44255	species	8264165	1	1	0.0
Nitrosomonas communis	44574	species	4067838	1	1	0.0
Sulfurospirillum barnesii	44674	species	2510109	1	1	0.0
Vibrio scophthalmi	45658	species	9728927	3	1	0.0
Staphylococcus pasteuri	45972	species	2559946	2	1	0.0
Anabaena sp. 90	46234	species	5305675	2	1	0.0
Thermoanaerobacter wiegelii	46354	species	2785056	3	2	0.0
Thermosipho melanesiensis	46541	species	1915238	2	2	0.0
Bibersteinia trehalosi	47735	species	2411529	1	1	0.0
Acinetobacter pittii	48296	species	6018266	2	1	0.0
Candidatus Arthromitus sp. SFB-mouse	49118	species	1603201	3	0	0.0
Desulfitobacterium hafniense	49338	species	5503334	1	1	0.0
Mycoplasma crocodyli	50052	species	934379	2	1	0.0
Thermoplasma volcanium	50339	species	1584804	3	3	0.0
Syntrophobotulus glycolicus	51197	species	3406739	1	1	0.0
Wigglesworthia glossinidia	51229	species	711269	1	1	0.0
Mycoplasma yeatsii	51365	species	895051	1	1	0.0
Pediococcus damnosus	51663	species	11570178	1	0	0.0
Aerococcus urinaeequi	51665	species	4067667	1	1	0.0
Tetragenococcus halophilus	51669	species	2476095	4	4	0.0
Prevotella dentalis	52227	species	3350206	1	1	0.0
Brachyspira pilosicoli	52584	species	2635825	3	3	0.0
Caldicellulosiruptor kristjanssonii	52765	species	2802443	4	2	0.0
Caldicellulosiruptor lactoaceticus	52766	species	2674809	2	1	0.0
Enterococcus durans	53345	species	6143683	2	2	0.0
Hyphomicrobium denitrificans	53399	species	3723828	1	1	0.0
Lactobacillus lindneri	53444	species	2842174	1	0	0.0
Octadecabacter arcticus	53946	species	5478249	1	1	0.0
Pyrococcus horikoshii	53953	species	1738505	2	2	0.0
Hyperthermus butylicus	54248	species	1667163	1	1	0.0
Pyrolobus fumarii	54252	species	1843267	1	1	0.0
Thermosphaera aggregans	54254	species	1316595	1	1	0.0
Ferroglobus placidus	54261	species	2196266	4	1	0.0
Thermococcus chitonophagus	54262	species	1969648	3	3	0.0
Chroococcidiopsis thermalis	54299	species	6689401	1	1	0.0
Pleurocapsa minor	54308	species	4986817	2	2	0.0
Salmonella bongori	54736	species	4542714	1	0	0.0
Flavobacterium branchiophilum	55197	species	3563292	3	2	1
Caldicellulosiruptor owensensis	55205	species	2428903	2	1	0.0
Dehalobacter restrictus	55583	species	2943336	1	0	0.0
Vibrio anguillarum	55601	species	5628663	2	1	0.0
Thermococcus barophilus	55802	species	2226382	2	2	0.0
Bartonella clarridgeiae	56426	species	1522743	4	3	0.0
Rhizobium gallicum	56730	species	7311190	1	1	0.0
Shewanella frigidimarina	56812	species	4845257	2	1	0.0
Psychroflexus torquis	57029	species	4321832	6	6	0.0
Colwellia sp. MT41	58049	species	4337945	1	1	0.0
Desulfotomaculum acetoxidans	58138	species	4545624	1	1	0.0
Archaeoglobus veneficus	58290	species	1901943	1	1	0.0
Streptococcus macedonicus	59310	species	2142762	1	0	0.0
Shewanella violacea	60217	species	4962103	1	1	0.0
Lactobacillus paraplantarum	60520	species	3139729	1	0	0.0
Burkholderia pyrrocinia	60550	species	7961346	1	0	0.0
Burkholderia vietnamiensis	60552	species	14209387	1	1	0.0
Phaeobacter gallaeciensis	60890	species	4300940	1	1	0.0
Desulfobacca acetoxidans	60893	species	3282536	1	1	0.0
Sanguibacter keddieii	60920	species	4253413	1	0	0.0
Shewanella woodyi	60961	species	5935403	4	3	0.0
Dehalococcoides mccartyi	61435	species	1417114	1	1	0.0
Paenibacillus mucilaginosus	61624	species	8740689	4	4	0.0
Lelliottia amnigena	61646	species	4616371	1	1	0.0
Kluyvera intermedia	61648	species	6166452	2	2	0.0
Shewanella baltica	62322	species	5379488	1	1	0.0
Zobellia galactanivorans	63186	species	5521712	1	1	0.0
Desulfurobacterium thermolithotrophum	64160	species	1541968	2	2	0.0
Halothece sp. PCC 7418	65093	species	4179170	3	0	0.0
Mycoplasma wenyonii	65123	species	650228	1	0	0.0
Cyanothece sp. PCC 7424	65393	species	6554169	2	2	0.0
Sulfurospirillum deleyianum	65553	species	2306351	1	0	0.0
Wolbachia sp. wRi	66084	species	1445873	1	0	0.0
Lachnoclostridium phytofermentans	66219	species	4847594	1	1	0.0
Sulfurospirillum multivorans	66821	species	3175729	1	1	0.0
Methanocaldococcus infernus	67760	species	1328194	3	3	0.0
Citrobacter rodentium	67825	species	5444283	1	1	0.0
Streptomyces griseochromogenes	68214	species	10764674	1	1	0.0
Mesorhizobium	68287	genus	0	1	0	0.0
Wiseana iridescent virus	68347	leaf	205791	1	0	0.0
Cupriavidus basilensis	68895	species	8421483	1	1	0.0
Deinococcus geothermalis	68909	species	3247018	1	1	0.0
Pseudomonas sp. VLB120	69328	species	5966222	1	1	0.0
Petrotoga mobilis	69499	species	2169548	1	1	0.0
Macrococcus caseolyticus	69966	species	2219737	1	0	0.0
Staphylococcus condimenti	70255	species	2659676	2	0	0.0
Shewanella oneidensis	70863	species	5131424	1	0	0.0
Shewanella pealeana	70864	species	5174581	1	1	0.0
Methanocaldococcus vulcanius	73913	species	1761737	3	2	0.0
Photobacterium profundum	74109	species	6403280	1	0	0.0
Brevundimonas subvibrioides	74313	species	3445263	1	0	0.0
Paraburkholderia caribensis	75105	species	13917408	1	0	0.0
Thermocrinis ruber	75906	species	1521037	1	1	0.0
Cellulophaga baltica	76594	species	4597822	1	1	0.0
Myroides odoratimimus	76832	species	4457748	1	1	0.0
Solibacillus silvestris	76853	species	3987727	2	2	0.0
Streptococcus constellatus	76860	species	1954077	2	1	0.0
Caldivirga maquilingensis	76887	species	2077567	2	2	0.0
Wolbachia endosymbiont of Drosophila simulans	77038	species	1298813	5	4	0.0
Wolbachia endosymbiont of Onchocerca volvulus	77551	species	960618	1	0	0.0
Scardovia inopinata	78259	species	1797862	1	1	0.0
Pseudomonas mosselii	78327	species	6247860	1	1	0.0
Desulfosporosinus meridiei	79209	species	4873567	1	1	0.0
Chitinophaga pinensis	79329	species	9127347	3	3	0.0
Bacillus clausii	79880	species	4300106	2	2	0.0
Bacillus pseudofirmus	79885	species	4249248	3	2	0.0
Burkholderiales	80840	order	0	1	0	0.0
Aliivibrio wodanis	80852	species	4635126	3	3	0.0
Picrophilus torridus	82076	species	1545895	4	3	0.0
Cupriavidus gilardii	82541	species	5578743	1	0	0.0
Pseudanabaena sp. PCC 7367	82654	species	4885680	1	0	0.0
Serratia plymuthica	82996	species	6554843	1	1	0.0
Methanocaldococcus fervens	83171	species	1507251	3	3	0.0
Mycobacterium immunogenum	83262	species	11178626	1	1	0.0
gamma proteobacterium HdN1	83406	species	4587455	1	1	0.0
Parachlamydia acanthamoebae	83552	species	3072383	1	1	0.0
Chlamydia psittaci	83554	species	1253830	1	1	0.0
Chlamydia felis	83556	species	1173791	1	0	0.0
Chlamydia muridarum	83560	species	1503632	1	1	0.0
Stenotrophomonas nitritireducens	83617	species	4541729	1	0	0.0
Methanobrevibacter ruminantium	83816	species	2937203	1	1	0.0
Methanocorpusculum labreanum	83984	species	1804962	1	1	0.0
Clostridium aceticum	84022	species	4207037	3	2	0.0
Clostridium autoethanogenum	84023	species	8704651	6	0	0.0
[Clostridium] saccharolyticum	84030	species	4662871	2	2	0.0
Archaeoglobus profundus	84156	species	1563423	3	1	0.0
Cryptobacterium curtum	84163	species	1617804	2	1	0.0
Brachyspira intermedia	84377	species	3308048	1	0	0.0
Brachyspira murdochii	84378	species	3241804	3	3	0.0
Hippea maritima	84405	species	1694430	2	2	0.0
Staphylothermus hellenicus	84599	species	1580347	6	6	0.0
Thermacetogenium phaeum	85874	species	2939057	1	1	0.0
endosymbiont of Acanthamoeba sp. UWC8	86106	species	1615277	1	1	0.0
Mycoplasma dispar	86660	species	1084449	1	0	0.0
Bacillus weihenstephanensis	86662	species	5740546	3	1	0.0
Bacillus halodurans	86665	species	4202352	4	4	0.0
Treponema primitia	88058	species	4059867	1	1	0.0
Candidatus Paracaedibacter acanthamoebae	91604	species	2485110	2	1	0.0
Thioalkalimicrobium aerophilum	92245	species	2158359	2	2	0.0
[Brevibacterium] flavum	92706	species	3339820	2	1	0.0
Pandoraea sputorum	93222	species	5751958	2	1	0.0
Edwardsiella hoshinae	93378	species	3811650	1	0	0.0
Fervidobacterium pennivorans	93466	species	2114116	4	3	0.0
Thermotoga petrophila	93929	species	1823511	1	0	0.0
Thermotoga naphthophila	93930	species	1809823	2	0	0.0
Shewanella sp. ANA-3	94122	species	5251146	1	1	0.0
Legionella fallonii	96230	species	4434890	1	1	0.0
Flavobacterium psychrophilum	96345	species	7603866	5	4	0.0
Halobacteriovorax marinus	97084	species	3437906	2	1	0.0
Ferroplasma acidarmanus	97393	species	1935211	2	2	0.0
Bacillus sp. OxB-1	98228	species	3594618	1	1	0.0
Calothrix sp. PCC 7507	99598	species	7023215	1	0	0.0
Onion yellows phytoplasma	100379	species	853092	1	0	0.0
Chloroherpeton thalassium	100716	species	3293456	2	2	0.0
Wolbachia endosymbiont of Onchocerca ochengi	100901	species	957990	1	0	0.0
Methanomethylovorans hollandica	101192	species	2714013	1	1	0.0
Aequorivita sublithincola	101385	species	3520671	1	1	0.0
Burkholderia ubonensis	101571	species	22281372	2	1	0.0
Stanieria cyanosphaera	102116	species	5544990	2	2	0.0
Desulfotomaculum gibsoniae	102134	species	4855529	1	1	0.0
Streptococcus infantarius	102684	species	1913271	1	1	0.0
Nostoc sp. PCC 7120	103690	species	7211789	1	1	0.0
Cupriavidus necator	106590	species	7948767	3	2	0.0
Acinetobacter nosocomialis	106654	species	4061750	1	0	0.0
Thermoanaerobacter italicus	108150	species	2451061	1	0	0.0
Muricauda ruestringensis	111501	species	3842422	2	2	0.0
Leptolyngbya sp. PCC 7376	111781	species	5125950	2	2	0.0
Sulfolobus tokodaii	111955	species	2694756	4	2	0.0
Bathymodiolus septemdierum thioautotrophic gill symbiont	113267	species	1469434	1	1	0.0
Oscillatoria acuminata	118323	species	7804270	2	2	0.0
Syntrophobacter fumaroxidans	119484	species	4990251	1	1	0.0
Thermotoga sp. RQ2	126740	species	1877693	2	0	0.0
Aerococcus urinaehominis	128944	species	1831400	2	2	0.0
Geobacillus subterraneus	129338	species	3474426	1	0	0.0
Carboxydothermus hydrogenoformans	129958	species	2401520	1	1	0.0
Nitrosococcus halophilus	133539	species	4145260	1	1	0.0
Ureaplasma parvum	134821	species	743562	2	0	0.0
Bacillus endophyticus	135735	species	5313985	4	4	0.0
Leuconostoc kimchii	136609	species	2101787	1	1	0.0
Weissella cibaria	137591	species	2577731	1	1	0.0
Desulfitobacterium metallireducens	142877	species	3176073	3	2	0.0
Filifactor alocis	143361	species	1931012	3	2	0.0
Carnobacterium inhibens	147709	species	2497115	1	0	0.0
Rhodothermus phage RM378	148943	species	129908	1	1	0.0
Marinitoga piezophila	149715	species	2244793	1	1	0.0
Vibrio antiquarius	150340	species	5089025	2	1	0.0
Treponema azotonutricium	150829	species	3855671	1	0	0.0
Pseudopedobacter saltans	151895	species	4635236	2	1	0.0
Nitrosomonas sp. AL212	153948	species	3337023	1	1	0.0
Bacillus toyonensis	155322	species	5025419	2	0	0.0
Methanothermococcus okinawensis	155863	species	1677455	2	1	0.0
Acaryochloris marina	155978	species	8361599	1	1	0.0
Cedecea neteri	158822	species	23867322	3	2	0.0
Ignicoccus hospitalis	160233	species	1297538	1	1	0.0
Acidihalobacter prosperus	160660	species	3566941	1	1	0.0
Pseudoalteromonas phenolica	161398	species	4868993	1	1	0.0
Corynebacterium kroppenstedtii	161879	species	2446804	1	0	0.0
Wolbachia endosymbiont of Drosophila melanogaster	163164	species	1267782	1	0	0.0
Blattabacterium punctulatus	164514	species	609561	2	2	0.0
Synechococcus sp. WH 8109	166314	species	2111515	1	1	0.0
Thermobaculum terrenum	166501	species	3101581	2	0	0.0
Pseudoalteromonas translucida	166935	species	4147593	2	0	0.0
Anaerolinea thermophila	167964	species	3532378	2	1	0.0
Candidatus Ishikawaella capsulata	168169	species	754729	2	1	0.0
Clostridium saccharobutylicum	169679	species	5107814	6	3	0.0
Paenibacillus stellifer	169760	species	5658798	1	0	0.0
Mycoplasma cynos	171284	species	998123	1	1	0.0
Mycoplasma ovis	171632	species	702511	1	1	0.0
Elizabethkingia miricola	172045	species	4242519	3	2	0.0
Thermococcus sibiricus	172049	species	1845800	1	1	0.0
Pseudothermotoga lettingae	177758	species	2135342	2	0	0.0
Erwinia billingiae	182337	species	5372268	1	1	0.0
Oceanobacillus iheyensis	182710	species	3630528	3	2	0.0
Thermodesulfobium narugense	184064	species	1898865	3	2	0.0
Butyrivibrio hungatei	185008	species	3386314	4	3	0.0
Candidatus Baumannia cicadellinicola	186490	species	1040878	3	2	0.0
Paenibacillaceae	186822	family	0	1	0	0.0
Sneathia amnii	187101	species	1330224	3	2	0.0
Thalassolituus oleivorans	187493	species	3842190	2	2	0.0
Pedobacter cryoconitis	188932	species	5950539	2	1	0.0
Paenibacillus graminis	189425	species	7166464	2	0	0.0
Paenibacillus odorifer	189426	species	6812473	3	3	0.0
Vibrio coralliilyticus	190893	species	17260629	2	1	0.0
Shewanella denitrificans	192073	species	4545906	1	1	0.0
Sulfurospirillum halorespirans	194424	species	3029840	2	2	0.0
Synechococcus sp. PCC 8807	195248	species	3304088	1	0	0.0
Synechococcus sp. PCC 6312	195253	species	3720499	1	1	0.0
Deferribacter desulfuricans	197162	species	2542933	5	5	0.0
Streptococcus pasteurianus	197614	species	2100077	1	0	0.0
Candidatus Pelagibacter ubique	198252	species	1308759	3	2	0.0
Caldisphaera lagunensis	200415	species	1546846	3	3	0.0
Pseudomonas trivialis	200450	species	6452803	1	0	0.0
Pseudomonas poae	200451	species	5512241	1	1	0.0
Planococcus rifietoensis	200991	species	3505011	2	1	0.0
Sulfurimonas autotrophica	202747	species	2153198	4	4	0.0
Candidatus Blochmannia floridanus	203907	species	705557	1	1	0.0
Herminiimonas arsenicoxydans	204773	species	3424307	1	1	0.0
Alkaliphilus metalliredigens	208226	species	4929566	2	2	0.0
Carnobacterium sp. 17-4	208596	species	2685399	1	0	0.0
Escherichia albertii	208962	species	4679521	2	2	0.0
Alistipes finegoldii	214856	species	3734239	1	0	0.0
Erwinia sp. Ejp617	215689	species	3957675	1	1	0.0
Polaromonas naphthalenivorans	216465	species	5366143	1	1	0.0
Stenotrophomonas rhizophila	216778	species	4198652	1	0	0.0
Spiroplasma chrysopicola	216933	species	1123322	1	1	0.0
Spiroplasma diminutum	216936	species	945296	1	1	0.0
Clostridium carboxidivorans	217159	species	5752782	7	3	0.0
Methanobrevibacter sp. AbM4	224719	species	1998189	4	3	0.0
Corynebacterium halotolerans	225326	species	3222008	1	1	0.0
Aster yellows witches'-broom phytoplasma	229545	species	723970	1	0	0.0
Methanobrevibacter millerae	230361	species	2543538	1	1	0.0
Belliella baltica	232259	species	4196595	1	0	0.0
Desulfitobacterium dichloroeliminans	233055	species	3624449	2	1	0.0
Candidatus Midichloria mitochondrii	234827	species	1183732	1	1	0.0
Pseudoalteromonas sp. SM9913	234831	species	4037671	2	2	0.0
Lactobacillus paracollinoides	240427	species	10733574	1	1	0.0
Rummeliibacillus stabekisii	241244	species	3420739	2	2	0.0
Crinalium epipsammum	241425	species	5620407	5	4	0.0
Klebsiella variicola	244366	species	10894097	2	2	0.0
Nautilia profundicola	244787	species	1676444	3	2	0.0
Staphylococcus equorum	246432	species	8544915	6	5	0.0
Bacteroides cellulosilyticus	246787	species	7084828	3	2	0.0
Candidatus Blochmannia vafer	251535	species	722585	2	2	0.0
Pseudomonas syringae group genomosp. 3	251701	species	6538260	1	0	0.0
Mahella australiensis	252966	species	3135972	1	1	0.0
Paraburkholderia phenoliruptrix	252970	species	7651131	1	0	0.0
Owenweeksia hongkongensis	253245	species	4000057	4	4	0.0
Fictibacillus arsenicus	255247	species	4055461	1	1	0.0
Dechloromonas aromatica	259537	species	4501104	1	1	0.0
Nitrosomonas sp. Is79A3	261292	species	3783444	1	1	0.0
Paraburkholderia phytofirmans	261302	species	8214658	2	0	0.0
Kangiella koreensis	261964	species	2852073	1	0	0.0
Yersinia aleksiciae	263819	species	4000307	1	1	0.0
Bacillus muralis	264697	species	5007018	2	1	0.0
Nostoc punctiforme	272131	species	9059191	1	1	0.0
Chlorobaculum parvum	274539	species	2289249	1	0	0.0
Collimonas arenae	279058	species	15078336	1	1	0.0
Staphylococcus pseudintermedius	283734	species	4509494	2	0	0.0
Alcanivorax dieselolei	285091	species	4928223	1	1	0.0
Alteromonas addita	287094	species	4649146	1	0	0.0
[Clostridium] clariflavum	288965	species	4897678	2	2	0.0
Bacteroides helcogenes	290053	species	3998906	1	1	0.0
Photorhabdus asymbiotica	291112	species	5094138	1	0	0.0
Thermosediminibacter oceani	291990	species	2280035	1	1	0.0
Dactylococcopsis salina	292566	species	3781008	1	1	0.0
Sphingopyxis sp. 113P3	292913	species	4664213	1	1	0.0
Haloquadratum walsbyi	293091	species	3219918	1	0	0.0
Methanobrevibacter olleyae	294671	species	2201192	2	1	0.0
Anoxybacillus amylolyticus	294699	species	3158269	2	1	0.0
Polaromonas sp. JS666	296591	species	5898676	2	0	0.0
Lactobacillus phage LP65	298338	species	131522	2	2	0.0
Enterobacter ludwigii	299767	species	4952770	1	0	0.0
Bacillus lehensis	300825	species	3993073	2	2	0.0
Deerpox virus W-848-83	305674	species	166259	1	1	0.0
Persephonella marina	309805	species	1983966	1	0	0.0
Sulfurihydrogenibium azorense	309806	species	1640877	3	3	0.0
Candidatus Liberibacter americanus	309868	species	1195201	1	0	0.0
Emticicia oligotrophica	312279	species	5220361	4	3	0.0
Croceibacter atlanticus	313588	species	2952962	2	1	0.0
Polaribacter sp. MED152	313598	species	2961474	1	1	0.0
Geobacter lovleyi	313985	species	3994874	1	1	0.0
Psychromonas sp. CNPT3	314282	species	3052410	1	0	0.0
Spiroplasma eriocheiris	315358	species	1365714	1	0	0.0
Streptococcus gallolyticus	315405	species	2285714	3	3	0.0
Leadbetterella byssophila	316068	species	4059653	1	1	0.0
Beggiatoa leptomitiformis	319938	species	4265296	8	7	0.0
Cyclobacterium amurskyense	320787	species	6158829	3	0	0.0
Synechococcus sp. JA-3-3Ab	321327	species	2932766	1	1	0.0
Paenibacillus sp. JDR-2	324057	species	7184930	2	2	0.0
Bacillus infantis	324767	species	4884713	1	1	0.0
Nonlabens dokdonensis	328515	species	3914632	1	1	0.0
Nitrospira defluvii	330214	species	4317083	1	1	0.0
Psychrobacter arcticus	334543	species	2650701	1	0	0.0
Thermovirga lienii	336261	species	1999646	1	1	0.0
Chlorobium chlorochromatii	337090	species	2572079	1	1	0.0
Gordonia sp. KTR9	337191	species	5885710	1	0	0.0
Blattabacterium sp. (Panesthia angustipennis spadica)	340044	species	632490	1	1	0.0
White spot syndrome virus	342409	species	309286	1	0	0.0
Pyrococcus sp. NA2	342949	species	1861320	1	1	0.0
Xenorhabdus doucetiae	351671	species	4203651	1	1	0.0
Xenorhabdus hominickii	351679	species	4522699	1	1	0.0
Halostagnicola larsenii	353800	species	4131176	1	1	0.0
Bacteroides dorei	357276	species	5310365	2	1	0.0
Roseiflexus sp. RS-1	357808	species	5801598	1	1	0.0
Methanoregula boonei	358766	species	2542943	1	1	0.0
Exiguobacterium sp. AT1b	360911	species	2999895	1	1	0.0
Pseudarthrobacter phenanthrenivorans	361575	species	4535320	1	0	0.0
Spiroplasma cantharicola	362837	species	1179577	1	1	0.0
Pelosinus fermentans	365349	species	5380816	3	2	0.0
Paenibacillus sabinae	365617	species	5270569	1	1	0.0
Blattabacterium sp. (Periplaneta americana)	367488	species	640442	2	1	0.0
Blattabacterium sp. (Blatta orientalis)	367806	species	638184	2	0	0.0
Gallionella capsiferriformans	370405	species	3162471	1	1	0.0
Isoptericola dokdonensis	372663	species	3826972	1	1	0.0
Rivularia sp. PCC 7116	373994	species	8728773	3	3	0.0
Synechococcus sp. PCC 73109	374982	species	3298676	1	0	0.0
Janthinobacterium sp. Marseille	375286	species	4110251	1	1	0.0
Natranaerobius thermophilus	375929	species	3191453	1	1	0.0
Bacteroides salanitronis	376805	species	4308663	3	3	0.0
Cyanobacterium aponinum	379064	species	4176973	3	2	0.0
Glossina pallidipes salivary gland hypertrophy virus	379529	leaf	190032	2	2	0.0
Aciduliprofundum boonei	379547	species	1486778	2	2	0.0
Hydrogenobaculum sp. Y04AAS1	380749	species	1559514	1	1	0.0
Cycloclasticus sp. P1	385025	species	2363215	5	3	0.0
Candidatus Ruthia magnifica	386487	species	1160782	1	0	0.0
Nitratiruptor sp. SB155-2	387092	species	1877931	2	2	0.0
Bartonella australis	388640	species	1596490	1	1	0.0
Pontibacter akesuensis	388950	species	4829559	2	2	0.0
Protochlamydia naegleriophila	389348	species	3030375	1	1	0.0
Ehrlichia sp. HF	391036	species	1148904	4	3	0.0
Terriglobus roseus	392734	species	5227858	1	1	0.0
Clostridium taeniosporum	394958	species	3503541	3	2	0.0
Cyanothece sp. PCC 7425	395961	species	5786110	1	1	0.0
Cyanothece sp. PCC 8802	395962	species	4803347	2	0	0.0
Zunongwangia profunda	398743	species	5128187	7	6	0.0
Thermoanaerobacter sp. X514	399726	species	2457259	1	0	0.0
Enterobacter sp. 638	399742	species	4676461	2	2	0.0
Pontibacter korlensis	400092	species	5462537	1	1	0.0
Virgibacillus sp. SK37	403957	species	3841730	4	3	0.0
Anaeromyxobacter sp. Fw109-5	404589	species	5277990	1	0	0.0
Alicyclobacillus acidocaldarius	405212	species	3164867	1	1	0.0
Treponema pedis	409322	species	2889325	2	2	0.0
Gramella forsetii	411153	species	3798465	1	0	0.0
Cronobacter dublinensis	413497	species	4628405	2	0	0.0
Cronobacter muytjensii	413501	species	4364114	1	1	0.0
Cronobacter turicensis	413502	species	4599092	2	1	0.0
[Polyangium] brachysporum	413882	species	6476147	1	0	0.0
Caldicellulosiruptor hydrothermalis	413888	species	2770676	6	1	0.0
Caldicellulosiruptor kronotskyensis	413889	species	2843785	5	0	0.0
Pseudoxanthomonas spadix	415229	species	3452554	1	0	0.0
Methanosarcina horonobensis	418008	species	5018607	5	2	0.0
Methanolobus psychrophilus	420950	species	3072769	3	2	0.0
Pedobacter steynii	430522	species	6581659	2	1	0.0
Sulfurihydrogenibium sp. YO3AOP1	436114	species	1838442	2	2	0.0
Geobacter sp. M18	443143	species	5277406	1	1	0.0
Niabella soli	446683	species	4697343	4	4	0.0
Acetobacter senegalensis	446692	species	3969909	1	1	0.0
Desulfarculus baarsii	453230	species	3655731	1	0	0.0
Bdellovibrio exovorus	453816	species	2657893	1	1	0.0
Xanthomonas euvesicatoria	456327	species	10838435	1	1	0.0
Alkaliphilus oremlandii	461876	species	3123558	1	1	0.0
Bordetella flabilis	463014	species	5954318	1	1	0.0
Bordetella bronchialis	463025	species	11845675	1	1	0.0
Geobacillus sp. WCH70	471223	species	3508804	4	4	0.0
Nitrosococcus watsonii	473531	species	3373286	5	2	0.0
Lactococcus phage 1706	475178	species	55597	1	1	0.0
Desulfurococcus kamchatkensis	477693	species	1365223	2	2	0.0
Oscillatoria nigro-viridis	482564	species	8272254	1	1	0.0
Burkholderia lata	482957	species	17031116	1	0	0.0
Paenibacillus riograndensis	483937	species	7919576	1	0	0.0
Sphingobium sp. YBL2	484429	species	5427419	1	1	0.0
Campylobacter peloridis	488546	species	1762793	2	0	0.0
Marinobacter sp. BSs20148	490759	species	4063864	1	1	0.0
Bacillus velezensis	492670	species	7701267	2	0	0.0
Thermoanaerobacter pseudethanolicus	496866	species	2362816	1	0	0.0
Kosakonia oryzae	497725	species	5303342	1	1	0.0
Cyanothece sp. PCC 7822	497965	species	7841948	1	1	0.0
Candidatus Korarchaeum cryptofilum	498846	species	1590757	1	0	0.0
Tepidanaerobacter acetatoxydans	499229	species	5521119	4	3	0.0
Oceanimonas sp. GK1	511062	species	3527244	1	1	0.0
Candidatus Azobacteroides pseudotrichonymphae	511435	species	1224919	1	0	0.0
Methylacidiphilum infernorum	511746	species	2287145	2	1	0.0
Dictyoglomus turgidum	513050	species	1855560	6	4	0.0
Microcystis panniformis	513223	species	5686839	1	1	0.0
Cronobacter universalis	535744	species	4436873	1	0	0.0
Mesorhizobium australicum	536018	species	6200534	1	0	0.0
beta proteobacterium CB	543913	species	2045720	1	1	0.0
Hydrogenobaculum sp. 3684	547143	species	1552775	2	0	0.0
Hydrogenobaculum sp. HO	547144	species	1552931	2	0	0.0
Hydrogenobaculum sp. SHO	547145	species	1552607	2	0	0.0
Hydrogenobaculum sp. SN	547146	species	1552931	2	0	0.0
Vibrio breoganii	553239	species	4492180	4	3	0.0
Acidianus hospitalis	563177	species	2137654	3	3	0.0
Geoglobus acetivorans	565033	species	1860815	1	0	0.0
Thermoanaerobacter sp. X513	573062	species	2456520	3	1	0.0
Francisella sp. TX077308	573569	species	2035931	1	1	0.0
Pandoraea oxalativorans	573737	species	6500731	1	0	0.0
Photorhabdus temperata	574560	species	5147098	3	2	0.0
Thermococcus paralvinellae	582419	species	1957742	1	1	0.0
Terribacillus aidingensis	586416	species	3577082	3	3	0.0
Pseudomonas chlororaphis	587753	species	16842584	2	1	0.0
Alteromonas australica	589873	species	8766305	2	2	0.0
Methylacidiphilum fumariolicum	591154	species	2476671	3	3	0.0
Ignavibacterium album	591197	species	3658997	10	8	0.0
Pantoea sp. At-9b	592316	species	6312783	1	0	0.0
Blattabacterium sp. (Blattella germanica)	624186	species	640935	1	1	0.0
Bifidobacterium kashiwanohense	630129	species	2354106	1	1	0.0
Arsenophonus symbiont of Lipoptena fortisetosa	634113	species	836724	2	1	0.0
Methanocaldococcus sp. FS406-22	644281	species	1773136	8	4	0.0
Kosmotoga olearia	651457	species	2302126	1	1	0.0
Halanaerobium hydrogeniformans	656519	species	2613117	1	1	0.0
Francisella noatunensis	657445	species	2229531	1	0	0.0
Bacillus bombysepticus	658666	species	5873592	3	0	0.0
Bacillus phage Wip1	663237	species	14319	1	1	0.0
Bacillus sp. 1NLA3E	666686	species	4815602	3	2	0.0
Aciduliprofundum sp. MAR08-339	673860	species	1437090	1	1	0.0
Candidatus Babela massiliensis	673862	species	1118422	2	2	0.0
Rhodoplanes sp. Z2-YC6860	674703	species	8193889	1	0	0.0
Agarivorans gilvus	680279	species	4416600	1	1	0.0
Caldisericum exile	693075	species	1558103	2	2	0.0
Cafeteria roenbergensis virus BV-PW1	693272	leaf	617453	1	1	0.0
Leptotrichia sp. oral taxon 212	712357	species	2444904	6	5	0.0
Streptococcus sp. oral taxon 431	712633	species	2177905	1	0	0.0
Selenomonas sp. oral taxon 136	713030	species	2458072	1	1	0.0
Alteromonas naphthalenivorans	715451	species	4972148	1	1	0.0
Caldicellulosiruptor obsidiansis	717609	species	2532343	4	2	0.0
cyanobacterium endosymbiont of Epithemia turgida	718217	species	2794318	1	1	0.0
Sphingobacterium sp. 21	743722	species	6226409	6	5	0.0
alpha proteobacterium HIMB59	744985	species	1410127	3	3	0.0
Winogradskyella sp. PG-2	754409	species	3811479	3	1	0.0
Methylophaga nitratireducenticrescens	754476	species	3137191	1	1	0.0
Clostridium sp. BNL1100	755731	species	4613747	4	3	0.0
Bacillus sp. WP8	756828	species	3708888	1	1	0.0
Siansivirga zeaxanthinifaciens	762954	species	3303986	6	5	0.0
Brochothrix phage A9	857312	species	127065	1	1	0.0
alpha proteobacterium HIMB5	859653	species	1343202	2	1	0.0
Methanobacterium paludis	868131	species	2546541	1	1	0.0
Synechococcus phage S-RIM2 R1_1999	869662	leaf	175430	1	1	0.0
Peptoniphilus sp. 1-1	875453	species	1601846	1	1	0.0
Methanobacterium lacus	877455	species	2583753	3	3	0.0
Chryseobacterium sp. StRB126	878220	species	5503743	1	1	0.0
Micromonas sp. RCC1109 virus MpV1	880161	species	184095	1	1	0.0
Methanoregula formicica	882104	species	2820858	1	1	0.0
Mageeibacillus indolicus	884684	species	1809746	1	1	0.0
Desulfosporosinus acidiphilus	885581	species	4991181	2	1	0.0
Caldanaerobacter subterraneus	911092	species	2689445	1	1	0.0
Human papillomavirus type 109	915426	leaf	7346	1	1	0.0
Pseudomonas brassicacearum	930166	species	13594158	1	0	0.0
Riemerella phage RAP44	936152	species	49329	1	0	0.0
Granulicella tundricola	940615	species	5503984	1	1	0.0
Arcobacter sp. L	944547	species	2947662	6	4	0.0
Palaeococcus pacificus	971279	species	1859370	1	1	0.0
Lacinutrix sp. 5H-3-7-4	983544	species	3296168	1	1	0.0
Glaciecola sp. 4H-3-7+YE-5	983545	species	5393591	1	1	0.0
Staphylococcus argenteus	985002	species	2787638	2	1	0.0
Vulcanisaeta moutnovskia	985052	species	2298983	1	1	0.0
Staphylococcus agnetis	985762	species	2503399	1	1	0.0
Candidatus Kinetoplastibacterium desouzaii	994692	species	833125	1	1	0.0
Candidatus Kinetoplastibacterium galatii	994695	species	822140	1	1	0.0
Candidatus Kinetoplastibacterium oncopeltii	994696	species	810172	1	1	0.0
Alfalfa dwarf virus	998864	species	14491	1	1	0.0
Candidatus Pelagibacter sp. IMCC9063	1002672	species	1284727	2	2	0.0
Metallosphaera cuprina	1006005	species	1840348	1	1	0.0
Defluviitoga tunisiensis	1006576	species	2053097	6	4	0.0
Lactobacillus ginsenosidimutans	1007676	species	2590556	1	0	0.0
Pyrococcus yayanosii	1008460	species	1716818	1	1	0.0
Planococcus plakortidis	1038856	species	3261818	1	0	0.0
Candidatus Arthromitus sp. SFB-rat-Yit	1041504	species	1515556	1	1	0.0
Thermococcus sp. 4557	1042877	species	2011320	1	1	0.0
Candidatus Gullanella endobia	1070130	species	938041	1	1	0.0
Thiolapillus brandeum	1076588	species	3153637	2	2	0.0
Persicobacter sp. JZB09	1085624	species	8251744	2	2	0.0
Burkholderia sp. YI23	1097668	species	8896411	1	0	0.0
Thermus sp. CCB_US3_UF1	1111069	species	2263488	1	1	0.0
Vibrio sp. EJY3	1116375	species	5452646	1	0	0.0
Elizabethkingia anophelis	1117645	species	7985304	5	4	0.0
Magnetococcus marinus	1124597	species	4719581	1	1	0.0
Paenibacillus beijingensis	1126833	species	5749967	1	1	0.0
Bacillus sp. JS	1127744	species	4120406	1	0	0.0
Bacillus phage BCP8-2	1129192	species	159071	1	1	0.0
Dehalobacter sp. CF	1131462	species	3092048	1	0	0.0
Melioribacter roseus	1134405	species	3300414	2	1	0.0
Lysinibacillus varians	1145276	species	4662822	1	1	0.0
Dehalobacter sp. DCA	1147129	species	3069953	1	0	0.0
Acinetobacter oleivorans	1148157	species	4152543	2	1	0.0
Moorea producens	1155739	species	9708656	1	1	0.0
Streptococcus sp. I-G2	1156431	species	1992567	4	1	0.0
Streptococcus sp. I-P16	1156433	species	2023580	3	0	0.0
Thermotoga sp. Cell2	1157947	species	1749904	2	0	0.0
Thermotoga sp. 2812B	1157948	species	1843731	2	0	0.0
Cronobacter condimenti	1163710	species	4499482	2	0	0.0
Enterobacter sp. R4-368	1166130	species	5155034	1	1	0.0
Draconibacterium orientale	1168034	species	5132075	4	2	0.0
Mycobacterium sp. MOTT36Y	1168287	species	5613626	1	0	0.0
Streptomyces pratensis	1169025	species	7656104	1	1	0.0
Microcoleus sp. PCC 7113	1173027	species	7966510	4	2	0.0
Synechococcus sp. PCC 7502	1173263	species	3583735	1	0	0.0
Niabella ginsenosidivorans	1176587	species	5627734	3	2	0.0
Pyrococcus sp. ST04	1183377	species	1736885	2	1	0.0
Mesotoga prima	1184387	species	2975953	1	0	0.0
Blattabacterium sp. (Blaberus giganteus)	1186051	species	632588	3	2	0.0
Flammeovirga sp. MY04	1191459	species	7327614	1	0	0.0
Lactobacillus hokkaidonensis	1193095	species	2400586	1	1	0.0
Snodgrassella alvi	1196083	species	2527978	1	1	0.0
Gilliamella apicola	1196095	species	3139412	2	2	0.0
Geobacter daltonii	1203471	species	4304501	2	1	0.0
Lactobacillus phage phiAQ113	1206110	species	36566	1	1	0.0
Celeribacter indicus	1208324	species	4969388	1	0	0.0
Planococcus halocryophilus	1215089	species	3424893	2	1	0.0
Clostridium bornimense	1216932	species	3617025	3	1	0.0
Cedar virus	1221391	species	18162	1	1	0.0
Fictibacillus phosphorivorans	1221500	species	4230665	1	1	0.0
Candidatus Nitrosopumilus sp. AR2	1229909	species	1690905	65	58	0.0
Salimicrobium jeotgali	1230341	species	2776927	1	1	0.0
Candidatus Pantoea carbekii	1235990	species	2348022	1	1	0.0
Janthinobacterium sp. B9-8	1236179	species	4726850	1	1	0.0
Campylobacter iguaniorum	1244531	species	5108357	3	1	0.0
Flammeovirgaceae bacterium 311	1257021	species	6665617	1	1	0.0
Frischella perrara	1267021	species	2692351	1	1	0.0
Acanthamoeba polyphaga moumouvirus	1269028	leaf	1021348	1	0	0.0
Mycobacterium sp. VKM Ac-1817D	1273687	species	6324222	1	1	0.0
Bradyrhizobium icense	1274631	species	8322773	1	1	0.0
Planktomarina temperata	1284658	species	3288122	1	0	0.0
Magnetospira sp. QH-2	1288970	species	4052370	1	0	0.0
Candidatus Methanomethylophilus alvus	1291540	species	1666795	1	0	0.0
Photobacterium gaetbulicola	1295392	species	5909413	1	1	0.0
Thermodesulfobacterium geofontis	1295609	species	1634377	3	3	0.0
Mucilaginibacter sp. PAMC 26640	1300914	species	5618021	3	2	0.0
Invertebrate iridovirus 22	1301279	species	197693	1	0	0.0
Invertebrate iridovirus 25	1301280	species	204815	1	0	0.0
Methanocaldococcus bathoardescens	1301915	species	1607556	2	0	0.0
Flavobacterium sp. PK15	1306519	species	3851214	5	5	0.0
Sphingobium sp. TKS	1315974	species	6228879	1	0	0.0
Archaeoglobus sulfaticallidus	1316941	species	2076931	3	1	0.0
Acinetobacter equi	1324350	species	3054269	1	1	0.0
Chryseobacterium gallinarum	1324352	species	4633632	1	1	0.0
Cellulophaga phage phi17:2	1327972	species	145343	1	0	0.0
Cellulophaga phage phi4:1	1328029	species	145865	1	0	0.0
Cycloclasticus zancles	1329899	species	2655425	3	1	0.0
Bordetella pseudohinzii	1331258	species	4558891	1	0	0.0
Formosa sp. Hel1_33_131	1336794	species	2735158	1	0	0.0
Formosa sp. Hel3_A1_48	1336795	species	2016454	1	0	0.0
Calothrix sp. 336/3	1337936	species	6420126	2	2	0.0
Geobacillus sp. JF8	1345697	species	3486308	2	0	0.0
Pseudoalteromonas sp. OCN003	1348114	species	4815987	1	1	0.0
Pandoravirus salinus	1349410	species	2473870	1	1	0.0
Aureimonas sp. AU20	1349819	species	5210858	1	1	0.0
Synechococcus sp. UTEX 2973	1350461	species	2744626	1	0	0.0
Bradyrhizobium diazoefficiens	1355477	species	14343524	1	1	0.0
Thermofilum sp. 1910b	1365176	species	1750259	1	0	0.0
Spirosoma radiotolerans	1379870	species	7029352	1	0	0.0
Hymenobacter sp. DG25B	1385664	species	4360029	1	1	0.0
Exiguobacterium sp. MH3	1399115	species	3164195	1	0	0.0
Bacteroidales bacterium CF	1400053	species	2657245	2	2	0.0
Candidatus Methanomassiliicoccus intestinalis	1406512	species	1931651	1	1	0.0
Halobacterium hubeiense	1407499	species	3130345	1	1	0.0
Corynebacterium deserti	1408191	species	3033893	3	1	0.0
Candidatus Tachikawaea gelatinosa	1410383	species	708439	1	0	0.0
Candidatus Nitrosopelagicus brevis	1410606	species	1232128	54	50	0.0
Hymenobacter sp. DG5B	1411621	species	4868852	1	0	0.0
endosymbiont of Llaveia axin axin	1415657	species	309299	1	1	0.0
Geosporobacter ferrireducens	1424294	species	5817221	1	1	0.0
Candidatus Thioglobus singularis	1427364	species	1714148	1	0	0.0
Pectobacterium bacteriophage PM2	1429794	species	170286	1	1	0.0
Methanosarcina sp. Kolksee	1434099	species	4553495	2	0	0.0
Escherichia phage HY01	1434323	species	166977	1	1	0.0
Vibrio tritonius	1435069	species	5221926	2	2	0.0
Candidatus Symbiobacter mobilis	1436290	species	2991840	1	1	0.0
Gynuella sunshinyii	1445505	species	6475959	2	2	0.0
Bacillus sp. Pc3	1446792	species	3982168	1	1	0.0
Aneurinibacillus sp. XH2	1450761	species	3664835	1	0	0.0
Sediminicola sp. YIK13	1453352	species	3569807	3	2	0.0
Chlamydia avium	1457141	species	1048269	1	0	0.0
Chlamydia gallinacea	1457153	species	1067202	1	0	0.0
Paenibacillus yonginensis	1462996	species	4985901	1	1	0.0
Lentibacillus amyloliquefaciens	1472767	species	3858284	1	1	0.0
Aureococcus anophagefferens virus	1474867	species	370920	1	1	0.0
Nonlabens sp. MIC269	1476901	species	2884293	5	3	0.0
Thermofilum carboxyditrophus	1483572	species	1754190	1	0	0.0
Hymenobacter sp. PAMC 26554	1484116	species	5451254	1	0	0.0
Candidatus Sodalis pierantonius	1486991	species	4513140	1	1	0.0
Anoxybacillus sp. B7M1	1490057	species	3869056	2	2	0.0
Flavobacterium gilvum	1492737	species	4402594	1	1	0.0
Flavisolibacter sp. LCS9	1492898	species	5940863	5	3	0.0
Candidatus Evansia muelleri	1495769	species	357498	1	1	0.0
Campylobacter sp. RM16704	1500960	species	1557536	2	1	0.0
Prochlorococcus sp. MIT 0604	1501268	species	1780061	2	2	0.0
Thermococcus eurythermalis	1505907	species	2126164	1	1	0.0
Jeotgalibacillus malaysiensis	1508404	species	4119509	2	2	0.0
Thermotoga profunda	1508420	species	2187612	2	2	0.0
Candidatus Arthromitus sp. SFB-mouse-NL	1508644	species	1654902	3	0	0.0
Planococcus sp. PAMC 21323	1526927	species	3199864	1	0	0.0
Escherichia phage HY02	1527531	species	86252	1	1	0.0
Rickettsiales bacterium Ac37b	1528098	species	1917564	2	2	0.0
Paenibacillus sp. FSL P4-0081	1536769	species	8423054	4	3	0.0
Paenibacillus sp. FSL R7-0273	1536772	species	7288921	1	1	0.0
Paenibacillus sp. FSL H7-0357	1536774	species	7692748	1	1	0.0
Paenibacillus sp. FSL H7-0737	1536775	species	6765883	2	0	0.0
Methylomonas denitrificans	1538553	species	5172098	1	0	0.0
Sphingobacterium sp. ML3W	1538644	species	5329010	2	1	0.0
Citrobacter phage Moon	1540095	species	170341	1	1	0.0
Candidatus Izimaplasma sp. HR1	1541959	species	1878735	1	0	0.0
Francisella sp. FSC1006	1547445	species	2015987	1	1	0.0
Thermofilum sp. 1807-2	1550241	species	1611988	2	2	0.0
Yellowstone Lake virophage 6	1557034	species	24837	1	1	0.0
Mycobacterium sp. QIA-37	1561223	species	4855372	1	1	0.0
Fermentimonas caenicola	1562970	species	2808926	1	1	0.0
Bacillus sp. X1(2014)	1565991	species	3422674	2	1	0.0
Paenibacillus sp. IHBB 10380	1566358	species	5787303	3	2	0.0
Bacillus sp. BH072	1570330	species	4069641	1	0	0.0
Candidatus Nitrosopumilus adriaticus	1580092	species	1803090	62	55	0.0
Candidatus Methylopumilus turicensis	1581680	species	1754988	1	1	0.0
Fusobacterium hwasookii	1583098	species	2496436	5	3	0.0
Yellowstone lake mimivirus	1586712	species	73689	1	1	0.0
Cyanophage P-TIM40	1589733	species	188632	1	0	0.0
Listeria phage vB_LmoS_188	1591072	species	38392	1	0	0.0
Listeria phage vB_LmoS_293	1591073	species	40759	1	0	0.0
Helicobacter himalayensis	1591088	species	1829936	1	1	0.0
Candidatus Nitrosotenuis cloacae	1603555	species	1620156	28	25	0.0
Acinetobacter sp. NCu2D-2	1608473	species	3048277	1	0	0.0
Methanobrevibacter sp. YE315	1609968	species	2273296	1	1	0.0
Geminocystis sp. NIES-3708	1615909	species	4042078	6	4	0.0
Geminocystis sp. NIES-3709	1617448	species	4426059	4	4	0.0
Arthrobacter sp. IHBB 11108	1618207	species	3599434	1	1	0.0
Lutibacter sp. LP1	1622118	species	2966978	4	3	0.0
Geobacillus sp. 12AMOR1	1629723	species	3442724	1	0	0.0
Acetobacter sp. SLV-7	1633874	species	3106397	1	0	0.0
Acinetobacter sp. TTH0-4	1646498	species	2962453	1	1	0.0
Anabaena sp. wa102	1647413	species	5782034	3	2	0.0
Bacillus paralicheniformis	1648923	species	4382163	2	2	0.0
Pseudomonas sp. CCOS 191	1649877	species	6012947	1	1	0.0
Caldimicrobium thiodismutans	1653476	species	1814952	1	0	0.0
Pseudomonas sp. GR 6-02	1659194	species	6500345	1	1	0.0
Methylophilus sp. TWE2	1662285	species	3079044	1	0	0.0
Bacillus glycinifermentans	1664069	species	4607442	1	1	0.0
Salmon gill poxvirus	1680908	species	241564	1	1	0.0
Chryseobacterium sp. IHB B 10212	1685010	species	4871648	3	3	0.0
Enterobacter sp. FY-07	1692238	species	5138701	1	1	0.0
Bordetella sp. H567	1697043	species	5532470	2	2	0.0
Oblitimonas alkaliphila	1697053	species	14141857	2	0	0.0
Candidatus Thioglobus autotrophicus	1705394	species	1512449	2	2	0.0
Rosellinia necatrix endornavirus 1	1708712	species	9639	1	1	0.0
Thermococcus piezophilus	1712654	species	1928800	2	2	0.0
Turicibacter sp. H121	1712675	species	2622031	2	2	0.0
Staphylococcus sp. AntiMn-1	1715860	species	2738396	6	4	0.0
Pedobacter sp. PACM 27299	1727164	species	6147290	1	1	0.0
Algibacter alginolytica	1736674	species	3994770	3	3	0.0
Nostoc sp. NIES-3756	1751286	species	6987571	1	1	0.0
Fischerella sp. NIES-3754	1752063	species	5826863	3	3	0.0
Leptolyngbya sp. NIES-3755	1752064	species	6761657	1	1	0.0
Streptococcus sp. A12	1759399	species	1874337	1	1	0.0
Flavobacterium sp. LPB0076	1763534	species	3027315	1	1	0.0
Hydrogenophaga sp. LPB0072	1763535	species	4944132	1	0	0.0
Thalassotalea sp. LPB0090	1763536	species	3861670	1	1	0.0
Paenibacillus sp. LPB0068	1763538	species	4757181	4	3	0.0
Paucibacter sp. KCTC 42545	1768242	species	5169161	1	1	0.0
Polaribacter vadi	1774273	species	3809314	4	4	0.0
Bacillus sp. SDLI1	1774743	species	4134042	1	1	0.0
Alteromonas sp. Mac1	1777491	species	4696291	1	0	0.0
Candidatus Doolittlea endobia	1778262	species	846562	1	0	0.0
Gemella sp. oral taxon 928	1785995	species	1769679	1	1	0.0
Leptotrichia sp. oral taxon 847	1785996	species	2194935	2	2	0.0
Bat mastadenovirus WIV13	1788435	species	29162	1	1	0.0
Acinetobacter sp. BRTC-1	1789224	species	3741098	1	0	0.0
Wenyingzhuangia fucanilytica	1790137	species	3427057	3	2	0.0
Stenotrophomonas sp. KCTC 12332	1793721	species	4541594	1	0	0.0
Frondihabitans sp. PAMC 28766	1795630	species	4766863	1	0	0.0
Bacteroides sp. I48	1796613	species	4839918	1	1	0.0
Sphingorhabdus sp. M41	1806885	species	3339521	1	1	0.0
Arthrobacter sp. ZXY-2	1806905	species	5058708	1	1	0.0
Geobacillus sp. JS12	1813182	species	3721489	1	0	0.0
Shigella sp. PAMC 28760	1813821	species	4558287	2	0	0.0
Streptococcus halotolerans	1814128	species	2182100	1	1	0.0
Marinobacterium sp. ST58-10	1821621	species	5191608	1	1	0.0
Streptococcus marmotae	1825069	species	2322791	3	1	0.0
Bacillus sp. IHB B 7164	1827146	species	5036631	1	0	0.0
Lachnoclostridium sp. YL32	1834196	species	7225343	1	0	0.0
Parabacteroides sp. YL27	1834200	species	3306456	1	1	0.0
Burkholderiales bacterium YL45	1834205	species	2923068	1	1	0.0
Erysipelotrichaceae bacterium I46	1834207	species	4468295	1	1	0.0
Polynucleobacter duraquae	1835254	species	2026292	2	2	0.0
Blastomonas sp. RAC04	1842535	species	4403499	1	0	0.0
Exiguobacterium sp. U13-1	1849031	species	3208634	1	0	0.0
Lutibacter sp. LPB0138	1850246	species	3426122	5	3	0.0
Arachidicoccus sp. BS20	1850526	species	3492500	2	2	0.0
Pseudomonas sp. A3(2016)	1853130	species	6823539	1	1	0.0
Hymenobacteraceae	1853232	family	0	1	0	0.0
haloarchaeon HTSR1	1855411	species	1972283	1	1	0.0
Streptococcus himalayensis	1888195	species	2275471	3	1	0.0
Sulfolobus sp. A20	1891280	species	2688317	6	5	0.0
Bacillus sp. ABP14	1892404	species	5152566	2	0	0.0
Spiroplasma sp. TU-14	1898044	species	1199640	2	2	0.0
Stenotrophomonas sp. LM091	1904944	species	4317450	1	0	0.0
